Id,Label
1030.jpeg,35
1025.jpeg,8
1024.jpeg,5
1027.jpeg,29
1023.jpeg,21
1022.jpeg,8
1017.jpeg,24
10.jpeg,11
1000.jpeg,29
100.jpeg,44
0.jpeg,25
1001.jpeg,5
102.jpeg,32
1021.jpeg,5
1018.jpeg,3
1020.jpeg,27
1016.jpeg,3
1019.jpeg,44
1010.jpeg,47
1008.jpeg,14
1006.jpeg,15
1004.jpeg,29
1014.jpeg,38
1009.jpeg,41
101.jpeg,18
1012.jpeg,39
1011.jpeg,19
1013.jpeg,40
1.jpeg,21
1002.jpeg,48
1003.jpeg,5
1005.jpeg,5
1015.jpeg,23
1007.jpeg,4
812.jpeg,11
1068.jpeg,11
1064.jpeg,5
1066.jpeg,27
1065.jpeg,41
1060.jpeg,11
1052.jpeg,11
106.jpeg,7
1069.jpeg,18
1051.jpeg,1
1053.jpeg,25
1058.jpeg,28
1046.jpeg,12
1047.jpeg,11
1048.jpeg,9
105.jpeg,8
1044.jpeg,26
1056.jpeg,5
1059.jpeg,17
1055.jpeg,3
1057.jpeg,11
1054.jpeg,47
1042.jpeg,45
1045.jpeg,39
1043.jpeg,7
1049.jpeg,9
1050.jpeg,42
1070.jpeg,5
1063.jpeg,8
1067.jpeg,26
1062.jpeg,19
1061.jpeg,5
1075.jpeg,3
1074.jpeg,29
1072.jpeg,44
1073.jpeg,29
1076.jpeg,3
1071.jpeg,31
107.jpeg,5
1077.jpeg,7
1078.jpeg,39
1081.jpeg,29
1041.jpeg,9
1038.jpeg,27
1033.jpeg,47
1036.jpeg,11
104.jpeg,7
1037.jpeg,5
1035.jpeg,27
1039.jpeg,42
1031.jpeg,11
1028.jpeg,11
1029.jpeg,18
1026.jpeg,26
103.jpeg,32
1034.jpeg,5
1032.jpeg,44
1040.jpeg,44
1088.jpeg,32
1089.jpeg,15
1084.jpeg,29
1093.jpeg,42
109.jpeg,2
1096.jpeg,42
1086.jpeg,5
1080.jpeg,3
1092.jpeg,44
1094.jpeg,7
1083.jpeg,25
108.jpeg,3
1090.jpeg,49
1091.jpeg,5
1095.jpeg,8
1085.jpeg,36
1087.jpeg,7
1079.jpeg,5
1082.jpeg,4
1130.jpeg,48
1127.jpeg,18
1129.jpeg,5
1128.jpeg,8
1126.jpeg,14
113.jpeg,5
1125.jpeg,24
1123.jpeg,7
1124.jpeg,11
1122.jpeg,27
1121.jpeg,8
112.jpeg,11
1110.jpeg,3
111.jpeg,24
1112.jpeg,15
1108.jpeg,4
1117.jpeg,32
1118.jpeg,3
1119.jpeg,4
1120.jpeg,38
1116.jpeg,8
1114.jpeg,44
1099.jpeg,38
1100.jpeg,5
1102.jpeg,3
1101.jpeg,29
110.jpeg,19
11.jpeg,9
1097.jpeg,22
1104.jpeg,9
1107.jpeg,21
1103.jpeg,5
1106.jpeg,5
1105.jpeg,19
1109.jpeg,29
1111.jpeg,15
1113.jpeg,43
1098.jpeg,35
1115.jpeg,11
118.jpeg,7
1177.jpeg,42
1176.jpeg,19
1170.jpeg,15
1172.jpeg,28
1175.jpeg,17
1173.jpeg,5
1174.jpeg,3
1171.jpeg,9
1169.jpeg,5
117.jpeg,11
1166.jpeg,44
1162.jpeg,40
1161.jpeg,29
116.jpeg,11
1152.jpeg,11
1154.jpeg,35
1157.jpeg,9
1158.jpeg,39
1155.jpeg,39
115.jpeg,8
1149.jpeg,0
1153.jpeg,3
1150.jpeg,36
1151.jpeg,4
1156.jpeg,32
1141.jpeg,19
1142.jpeg,7
1147.jpeg,14
1145.jpeg,19
1144.jpeg,4
1148.jpeg,24
1146.jpeg,11
1168.jpeg,14
1160.jpeg,21
1143.jpeg,38
1159.jpeg,44
1167.jpeg,19
1164.jpeg,20
1165.jpeg,19
1163.jpeg,5
1132.jpeg,3
1133.jpeg,37
1134.jpeg,5
1139.jpeg,3
1131.jpeg,29
1140.jpeg,11
1135.jpeg,11
1138.jpeg,9
1137.jpeg,40
114.jpeg,9
1136.jpeg,9
1230.jpeg,7
123.jpeg,29
1229.jpeg,28
1228.jpeg,15
1226.jpeg,44
1227.jpeg,7
1225.jpeg,29
1222.jpeg,11
1223.jpeg,14
1224.jpeg,11
1220.jpeg,9
1221.jpeg,7
1219.jpeg,3
122.jpeg,3
1203.jpeg,11
1205.jpeg,9
1216.jpeg,3
1217.jpeg,19
1218.jpeg,5
1215.jpeg,21
1213.jpeg,47
1197.jpeg,9
1198.jpeg,5
120.jpeg,41
1200.jpeg,5
1196.jpeg,9
1195.jpeg,48
1209.jpeg,0
1207.jpeg,4
1210.jpeg,44
1208.jpeg,44
121.jpeg,15
1201.jpeg,18
1202.jpeg,5
12.jpeg,19
1206.jpeg,14
1204.jpeg,5
1211.jpeg,35
1193.jpeg,9
1194.jpeg,7
1199.jpeg,14
1212.jpeg,9
1188.jpeg,9
1189.jpeg,5
1190.jpeg,47
1191.jpeg,20
119.jpeg,5
1192.jpeg,3
1214.jpeg,3
1185.jpeg,11
1181.jpeg,7
1180.jpeg,9
1184.jpeg,44
1182.jpeg,41
1186.jpeg,3
1178.jpeg,44
1179.jpeg,9
1183.jpeg,4
1187.jpeg,49
1278.jpeg,7
1276.jpeg,36
1275.jpeg,39
1272.jpeg,18
1274.jpeg,29
1273.jpeg,21
1271.jpeg,7
1270.jpeg,11
127.jpeg,11
1268.jpeg,20
1269.jpeg,14
1267.jpeg,24
1266.jpeg,41
1265.jpeg,44
1261.jpeg,44
124.jpeg,19
1244.jpeg,9
1248.jpeg,5
1245.jpeg,11
1246.jpeg,3
1247.jpeg,20
1240.jpeg,5
125.jpeg,5
1251.jpeg,35
1252.jpeg,5
1254.jpeg,3
1241.jpeg,9
1242.jpeg,44
1243.jpeg,43
1263.jpeg,38
1262.jpeg,19
1264.jpeg,11
1260.jpeg,3
1259.jpeg,5
1255.jpeg,7
1253.jpeg,44
1256.jpeg,3
1257.jpeg,4
126.jpeg,11
1258.jpeg,35
1250.jpeg,42
1249.jpeg,5
1232.jpeg,14
1237.jpeg,5
1239.jpeg,36
1238.jpeg,11
1236.jpeg,29
1235.jpeg,19
1231.jpeg,18
1234.jpeg,36
1233.jpeg,9
1303.jpeg,3
1301.jpeg,5
1302.jpeg,5
13.jpeg,3
130.jpeg,48
1299.jpeg,25
1300.jpeg,39
1298.jpeg,3
1297.jpeg,15
1295.jpeg,26
1286.jpeg,5
1277.jpeg,29
1282.jpeg,0
1279.jpeg,12
1280.jpeg,32
1285.jpeg,39
1283.jpeg,43
1281.jpeg,25
128.jpeg,3
1290.jpeg,4
129.jpeg,7
1289.jpeg,43
1287.jpeg,29
1288.jpeg,43
1284.jpeg,14
1293.jpeg,11
1291.jpeg,5
1292.jpeg,5
1294.jpeg,5
1296.jpeg,9
133.jpeg,14
1329.jpeg,45
1328.jpeg,3
1326.jpeg,39
1324.jpeg,4
1325.jpeg,3
1327.jpeg,5
1323.jpeg,7
1321.jpeg,35
1322.jpeg,41
132.jpeg,41
1319.jpeg,15
1320.jpeg,18
1316.jpeg,4
1317.jpeg,14
1318.jpeg,35
1313.jpeg,39
1315.jpeg,5
1312.jpeg,29
1314.jpeg,5
1309.jpeg,15
131.jpeg,3
1308.jpeg,9
1310.jpeg,32
1305.jpeg,28
1307.jpeg,35
1304.jpeg,21
1306.jpeg,47
1311.jpeg,24
1356.jpeg,3
1353.jpeg,7
1355.jpeg,5
1351.jpeg,7
1352.jpeg,14
1354.jpeg,5
135.jpeg,14
1349.jpeg,5
1350.jpeg,38
1347.jpeg,42
1348.jpeg,18
1345.jpeg,3
1346.jpeg,5
1340.jpeg,26
1342.jpeg,36
1344.jpeg,8
1343.jpeg,26
1341.jpeg,5
134.jpeg,20
1339.jpeg,5
1332.jpeg,28
1338.jpeg,49
1336.jpeg,19
1335.jpeg,28
1334.jpeg,9
1333.jpeg,22
1337.jpeg,19
1330.jpeg,32
1331.jpeg,49
1383.jpeg,9
138.jpeg,42
1381.jpeg,45
1380.jpeg,9
1382.jpeg,7
1379.jpeg,3
1377.jpeg,8
1376.jpeg,9
1378.jpeg,1
1375.jpeg,15
1374.jpeg,39
1371.jpeg,48
1370.jpeg,5
1372.jpeg,27
1373.jpeg,38
137.jpeg,29
1369.jpeg,39
1368.jpeg,11
1367.jpeg,44
1358.jpeg,11
1360.jpeg,14
136.jpeg,4
1366.jpeg,5
1365.jpeg,11
1362.jpeg,42
1361.jpeg,11
1363.jpeg,24
1364.jpeg,5
1357.jpeg,11
1359.jpeg,17
1430.jpeg,48
1429.jpeg,11
1427.jpeg,41
1426.jpeg,18
1425.jpeg,29
1428.jpeg,3
1424.jpeg,28
1423.jpeg,29
1422.jpeg,41
1421.jpeg,48
1420.jpeg,3
142.jpeg,26
1417.jpeg,45
1415.jpeg,14
1418.jpeg,7
1416.jpeg,35
1419.jpeg,3
1414.jpeg,27
1413.jpeg,8
1411.jpeg,0
1400.jpeg,5
1401.jpeg,40
1412.jpeg,9
1393.jpeg,13
1408.jpeg,3
141.jpeg,24
1409.jpeg,44
1385.jpeg,35
139.jpeg,9
1389.jpeg,24
1388.jpeg,21
1387.jpeg,45
1395.jpeg,14
1403.jpeg,18
1391.jpeg,3
1390.jpeg,18
1392.jpeg,44
1399.jpeg,5
140.jpeg,41
1398.jpeg,45
1396.jpeg,44
14.jpeg,32
1397.jpeg,11
1407.jpeg,11
1406.jpeg,19
1405.jpeg,37
1402.jpeg,26
1404.jpeg,4
1410.jpeg,3
1394.jpeg,14
1386.jpeg,32
1384.jpeg,11
1456.jpeg,22
1455.jpeg,11
1452.jpeg,18
1450.jpeg,29
1451.jpeg,29
1454.jpeg,3
1453.jpeg,38
145.jpeg,29
1448.jpeg,11
1449.jpeg,21
1447.jpeg,3
1446.jpeg,14
1445.jpeg,18
1443.jpeg,9
1440.jpeg,9
1441.jpeg,20
1442.jpeg,12
1444.jpeg,7
1439.jpeg,2
144.jpeg,44
1432.jpeg,20
1433.jpeg,9
1431.jpeg,5
143.jpeg,20
1438.jpeg,19
1437.jpeg,47
1434.jpeg,5
1435.jpeg,5
1436.jpeg,9
1483.jpeg,14
1482.jpeg,14
1478.jpeg,41
1479.jpeg,4
1480.jpeg,2
148.jpeg,9
1481.jpeg,5
1477.jpeg,5
1476.jpeg,28
1475.jpeg,48
1474.jpeg,44
1473.jpeg,11
1470.jpeg,28
147.jpeg,19
1471.jpeg,3
1472.jpeg,17
1469.jpeg,19
1466.jpeg,10
1468.jpeg,21
1467.jpeg,9
1465.jpeg,41
1464.jpeg,26
1458.jpeg,44
1461.jpeg,9
1462.jpeg,42
1460.jpeg,38
1463.jpeg,35
1457.jpeg,4
146.jpeg,44
1459.jpeg,11
158.jpeg,43
157.jpeg,39
154.jpeg,29
155.jpeg,5
153.jpeg,49
156.jpeg,42
152.jpeg,45
151.jpeg,4
1501.jpeg,25
1502.jpeg,5
1500.jpeg,11
150.jpeg,4
1497.jpeg,7
1499.jpeg,43
1498.jpeg,29
15.jpeg,3
1496.jpeg,9
1495.jpeg,44
1493.jpeg,3
1494.jpeg,11
1492.jpeg,5
1491.jpeg,18
1486.jpeg,15
149.jpeg,9
1489.jpeg,5
1490.jpeg,28
1488.jpeg,19
1487.jpeg,41
1484.jpeg,4
1485.jpeg,22
197.jpeg,24
198.jpeg,9
195.jpeg,11
196.jpeg,25
194.jpeg,47
193.jpeg,27
191.jpeg,41
19.jpeg,30
190.jpeg,12
192.jpeg,5
189.jpeg,7
187.jpeg,21
186.jpeg,5
188.jpeg,47
184.jpeg,29
185.jpeg,12
180.jpeg,45
182.jpeg,4
181.jpeg,42
183.jpeg,22
18.jpeg,5
177.jpeg,14
178.jpeg,44
165.jpeg,47
162.jpeg,40
163.jpeg,3
161.jpeg,4
160.jpeg,43
159.jpeg,35
179.jpeg,7
166.jpeg,9
164.jpeg,29
169.jpeg,19
175.jpeg,3
171.jpeg,11
172.jpeg,3
170.jpeg,5
173.jpeg,39
167.jpeg,5
16.jpeg,5
17.jpeg,24
168.jpeg,3
174.jpeg,32
176.jpeg,8
247.jpeg,7
248.jpeg,18
244.jpeg,7
243.jpeg,7
246.jpeg,48
245.jpeg,24
242.jpeg,46
24.jpeg,5
240.jpeg,27
241.jpeg,14
239.jpeg,5
238.jpeg,29
235.jpeg,3
233.jpeg,35
234.jpeg,44
236.jpeg,5
237.jpeg,15
232.jpeg,35
230.jpeg,5
231.jpeg,0
23.jpeg,24
21.jpeg,5
204.jpeg,7
203.jpeg,20
22.jpeg,7
229.jpeg,29
227.jpeg,3
226.jpeg,11
224.jpeg,48
208.jpeg,29
210.jpeg,9
209.jpeg,5
206.jpeg,40
207.jpeg,5
220.jpeg,21
205.jpeg,5
216.jpeg,26
218.jpeg,7
212.jpeg,2
219.jpeg,18
214.jpeg,7
213.jpeg,22
217.jpeg,36
200.jpeg,5
20.jpeg,9
2.jpeg,11
201.jpeg,29
199.jpeg,44
223.jpeg,9
202.jpeg,44
215.jpeg,39
211.jpeg,44
228.jpeg,8
225.jpeg,11
222.jpeg,3
221.jpeg,7
275.jpeg,18
274.jpeg,5
27.jpeg,28
270.jpeg,28
272.jpeg,15
271.jpeg,21
273.jpeg,27
268.jpeg,4
267.jpeg,11
269.jpeg,20
266.jpeg,9
264.jpeg,5
263.jpeg,3
261.jpeg,41
262.jpeg,39
265.jpeg,9
260.jpeg,4
258.jpeg,48
259.jpeg,11
26.jpeg,5
257.jpeg,5
256.jpeg,9
251.jpeg,18
25.jpeg,12
253.jpeg,20
252.jpeg,3
254.jpeg,3
250.jpeg,37
255.jpeg,29
249.jpeg,7
283.jpeg,15
284.jpeg,42
300.jpeg,44
30.jpeg,14
299.jpeg,26
297.jpeg,9
298.jpeg,15
3.jpeg,41
296.jpeg,4
294.jpeg,11
295.jpeg,5
293.jpeg,31
291.jpeg,5
292.jpeg,3
287.jpeg,41
288.jpeg,24
29.jpeg,25
289.jpeg,9
290.jpeg,3
286.jpeg,5
285.jpeg,20
280.jpeg,5
279.jpeg,35
28.jpeg,7
281.jpeg,5
282.jpeg,19
278.jpeg,36
277.jpeg,11
276.jpeg,5
301.jpeg,7
313.jpeg,38
309.jpeg,35
304.jpeg,4
302.jpeg,20
305.jpeg,5
31.jpeg,9
306.jpeg,4
308.jpeg,7
307.jpeg,5
315.jpeg,9
312.jpeg,5
314.jpeg,19
317.jpeg,24
311.jpeg,5
318.jpeg,9
316.jpeg,24
303.jpeg,5
321.jpeg,11
310.jpeg,22
32.jpeg,11
319.jpeg,44
346.jpeg,29
343.jpeg,5
341.jpeg,12
342.jpeg,20
344.jpeg,8
345.jpeg,12
340.jpeg,7
339.jpeg,44
34.jpeg,7
338.jpeg,11
336.jpeg,14
337.jpeg,19
334.jpeg,11
335.jpeg,7
332.jpeg,2
333.jpeg,5
33.jpeg,9
330.jpeg,24
331.jpeg,4
329.jpeg,7
328.jpeg,22
325.jpeg,44
326.jpeg,19
327.jpeg,5
324.jpeg,7
320.jpeg,5
322.jpeg,3
323.jpeg,5
374.jpeg,44
350.jpeg,15
358.jpeg,42
365.jpeg,19
348.jpeg,19
35.jpeg,28
349.jpeg,44
368.jpeg,19
372.jpeg,8
369.jpeg,22
366.jpeg,14
367.jpeg,18
360.jpeg,32
362.jpeg,3
361.jpeg,11
364.jpeg,45
347.jpeg,24
356.jpeg,9
373.jpeg,18
370.jpeg,8
371.jpeg,5
37.jpeg,8
36.jpeg,11
363.jpeg,3
359.jpeg,39
357.jpeg,42
355.jpeg,35
354.jpeg,41
352.jpeg,44
353.jpeg,15
351.jpeg,25
40.jpeg,5
399.jpeg,11
397.jpeg,39
398.jpeg,19
392.jpeg,24
388.jpeg,5
39.jpeg,35
387.jpeg,4
390.jpeg,25
389.jpeg,7
391.jpeg,45
394.jpeg,48
375.jpeg,2
381.jpeg,32
377.jpeg,32
4.jpeg,15
396.jpeg,48
395.jpeg,15
393.jpeg,3
384.jpeg,3
385.jpeg,11
386.jpeg,38
383.jpeg,18
382.jpeg,42
38.jpeg,11
380.jpeg,3
378.jpeg,38
379.jpeg,3
376.jpeg,35
421.jpeg,48
423.jpeg,9
425.jpeg,39
422.jpeg,35
424.jpeg,18
426.jpeg,11
42.jpeg,28
420.jpeg,11
403.jpeg,5
414.jpeg,15
415.jpeg,17
418.jpeg,11
416.jpeg,11
417.jpeg,11
413.jpeg,19
412.jpeg,5
411.jpeg,8
400.jpeg,49
404.jpeg,24
406.jpeg,21
405.jpeg,2
408.jpeg,4
409.jpeg,0
407.jpeg,7
410.jpeg,11
402.jpeg,4
401.jpeg,49
419.jpeg,12
41.jpeg,32
447.jpeg,4
434.jpeg,49
43.jpeg,0
429.jpeg,19
433.jpeg,41
435.jpeg,20
430.jpeg,11
432.jpeg,44
446.jpeg,24
449.jpeg,47
427.jpeg,7
428.jpeg,22
436.jpeg,14
440.jpeg,3
437.jpeg,20
431.jpeg,23
444.jpeg,14
44.jpeg,11
438.jpeg,5
439.jpeg,35
441.jpeg,5
442.jpeg,39
445.jpeg,44
443.jpeg,38
476.jpeg,49
464.jpeg,11
458.jpeg,5
46.jpeg,19
462.jpeg,18
460.jpeg,9
463.jpeg,41
473.jpeg,5
455.jpeg,32
466.jpeg,9
461.jpeg,4
459.jpeg,2
457.jpeg,21
472.jpeg,25
470.jpeg,39
468.jpeg,4
469.jpeg,3
47.jpeg,43
451.jpeg,29
448.jpeg,39
450.jpeg,8
452.jpeg,35
45.jpeg,44
454.jpeg,11
453.jpeg,18
471.jpeg,12
465.jpeg,4
467.jpeg,45
456.jpeg,39
50.jpeg,45
479.jpeg,39
48.jpeg,5
478.jpeg,11
475.jpeg,25
477.jpeg,43
480.jpeg,44
474.jpeg,3
5.jpeg,11
491.jpeg,21
498.jpeg,11
499.jpeg,22
495.jpeg,22
497.jpeg,18
493.jpeg,22
496.jpeg,48
492.jpeg,4
49.jpeg,5
485.jpeg,15
483.jpeg,44
487.jpeg,3
488.jpeg,19
490.jpeg,9
486.jpeg,8
489.jpeg,27
494.jpeg,28
482.jpeg,25
484.jpeg,11
481.jpeg,21
527.jpeg,22
521.jpeg,19
523.jpeg,38
522.jpeg,21
524.jpeg,28
525.jpeg,44
520.jpeg,4
519.jpeg,21
518.jpeg,47
512.jpeg,7
510.jpeg,11
516.jpeg,4
506.jpeg,29
508.jpeg,7
505.jpeg,9
500.jpeg,5
504.jpeg,5
503.jpeg,29
502.jpeg,4
507.jpeg,22
517.jpeg,22
515.jpeg,27
51.jpeg,19
514.jpeg,32
513.jpeg,45
52.jpeg,4
511.jpeg,1
509.jpeg,9
501.jpeg,7
548.jpeg,25
526.jpeg,40
545.jpeg,5
534.jpeg,44
530.jpeg,48
531.jpeg,25
533.jpeg,21
532.jpeg,11
53.jpeg,20
529.jpeg,29
543.jpeg,29
537.jpeg,9
538.jpeg,32
54.jpeg,11
544.jpeg,47
542.jpeg,44
541.jpeg,29
540.jpeg,7
535.jpeg,44
536.jpeg,39
539.jpeg,48
528.jpeg,29
572.jpeg,25
571.jpeg,11
57.jpeg,7
554.jpeg,2
569.jpeg,9
570.jpeg,14
568.jpeg,9
567.jpeg,27
565.jpeg,5
564.jpeg,19
563.jpeg,39
558.jpeg,39
56.jpeg,3
560.jpeg,43
559.jpeg,14
562.jpeg,27
557.jpeg,9
555.jpeg,4
561.jpeg,19
551.jpeg,44
553.jpeg,45
550.jpeg,14
549.jpeg,7
547.jpeg,7
552.jpeg,18
546.jpeg,5
55.jpeg,11
556.jpeg,14
566.jpeg,3
599.jpeg,15
597.jpeg,9
598.jpeg,41
578.jpeg,9
580.jpeg,44
58.jpeg,22
579.jpeg,35
576.jpeg,17
577.jpeg,29
596.jpeg,41
594.jpeg,5
595.jpeg,5
592.jpeg,38
591.jpeg,40
582.jpeg,35
593.jpeg,14
575.jpeg,5
585.jpeg,11
59.jpeg,23
586.jpeg,11
588.jpeg,18
587.jpeg,3
581.jpeg,29
584.jpeg,27
589.jpeg,29
583.jpeg,42
590.jpeg,19
573.jpeg,19
574.jpeg,12
625.jpeg,31
622.jpeg,18
623.jpeg,44
624.jpeg,40
621.jpeg,6
620.jpeg,19
618.jpeg,41
619.jpeg,7
612.jpeg,5
614.jpeg,3
613.jpeg,15
616.jpeg,3
61.jpeg,2
62.jpeg,49
603.jpeg,39
606.jpeg,5
605.jpeg,19
60.jpeg,27
601.jpeg,7
608.jpeg,29
609.jpeg,11
611.jpeg,4
615.jpeg,43
610.jpeg,28
607.jpeg,9
604.jpeg,4
602.jpeg,4
617.jpeg,40
6.jpeg,7
600.jpeg,24
647.jpeg,15
644.jpeg,35
643.jpeg,29
639.jpeg,7
64.jpeg,28
640.jpeg,5
641.jpeg,8
634.jpeg,29
631.jpeg,3
628.jpeg,21
633.jpeg,39
632.jpeg,39
629.jpeg,2
630.jpeg,35
63.jpeg,27
635.jpeg,8
627.jpeg,19
638.jpeg,35
642.jpeg,6
636.jpeg,24
637.jpeg,5
626.jpeg,3
673.jpeg,47
671.jpeg,43
670.jpeg,7
668.jpeg,5
669.jpeg,41
67.jpeg,5
667.jpeg,11
666.jpeg,5
665.jpeg,22
663.jpeg,5
645.jpeg,5
646.jpeg,21
648.jpeg,49
65.jpeg,5
649.jpeg,32
656.jpeg,3
650.jpeg,5
651.jpeg,29
652.jpeg,9
653.jpeg,5
662.jpeg,11
654.jpeg,11
655.jpeg,48
657.jpeg,4
660.jpeg,4
658.jpeg,4
661.jpeg,14
659.jpeg,39
66.jpeg,35
664.jpeg,14
70.jpeg,2
699.jpeg,8
698.jpeg,11
696.jpeg,24
697.jpeg,3
695.jpeg,32
690.jpeg,48
672.jpeg,7
679.jpeg,3
674.jpeg,0
689.jpeg,15
687.jpeg,21
686.jpeg,22
69.jpeg,9
684.jpeg,28
685.jpeg,9
691.jpeg,0
694.jpeg,25
692.jpeg,48
680.jpeg,4
677.jpeg,0
675.jpeg,29
676.jpeg,39
678.jpeg,5
68.jpeg,9
683.jpeg,11
681.jpeg,8
688.jpeg,8
682.jpeg,41
693.jpeg,29
725.jpeg,5
724.jpeg,5
720.jpeg,11
722.jpeg,45
723.jpeg,41
721.jpeg,11
72.jpeg,5
717.jpeg,43
719.jpeg,43
718.jpeg,11
710.jpeg,45
708.jpeg,3
712.jpeg,9
71.jpeg,27
713.jpeg,28
711.jpeg,5
714.jpeg,3
707.jpeg,21
704.jpeg,5
706.jpeg,48
703.jpeg,11
709.jpeg,7
7.jpeg,14
702.jpeg,3
700.jpeg,11
701.jpeg,4
705.jpeg,40
715.jpeg,29
716.jpeg,3
751.jpeg,15
75.jpeg,3
750.jpeg,18
749.jpeg,36
747.jpeg,9
748.jpeg,14
745.jpeg,9
744.jpeg,19
746.jpeg,11
733.jpeg,22
743.jpeg,39
730.jpeg,5
73.jpeg,40
727.jpeg,21
726.jpeg,19
729.jpeg,15
732.jpeg,43
736.jpeg,24
731.jpeg,29
734.jpeg,38
742.jpeg,5
739.jpeg,8
740.jpeg,5
74.jpeg,44
738.jpeg,11
735.jpeg,24
737.jpeg,22
741.jpeg,9
728.jpeg,29
776.jpeg,11
778.jpeg,24
773.jpeg,24
774.jpeg,14
771.jpeg,21
772.jpeg,27
770.jpeg,4
77.jpeg,8
768.jpeg,18
767.jpeg,41
766.jpeg,21
765.jpeg,41
763.jpeg,44
754.jpeg,4
761.jpeg,22
752.jpeg,9
756.jpeg,18
76.jpeg,9
760.jpeg,26
757.jpeg,43
759.jpeg,27
753.jpeg,7
758.jpeg,11
755.jpeg,39
769.jpeg,16
764.jpeg,44
762.jpeg,32
8.jpeg,44
798.jpeg,14
797.jpeg,5
795.jpeg,26
794.jpeg,29
792.jpeg,39
779.jpeg,11
777.jpeg,5
775.jpeg,12
796.jpeg,44
793.jpeg,7
791.jpeg,20
79.jpeg,28
78.jpeg,24
781.jpeg,42
785.jpeg,9
786.jpeg,3
787.jpeg,5
782.jpeg,3
783.jpeg,5
780.jpeg,41
784.jpeg,33
789.jpeg,18
790.jpeg,19
788.jpeg,1
827.jpeg,45
825.jpeg,22
824.jpeg,11
82.jpeg,29
821.jpeg,8
820.jpeg,21
823.jpeg,3
822.jpeg,48
817.jpeg,18
818.jpeg,19
819.jpeg,5
806.jpeg,5
815.jpeg,8
811.jpeg,14
81.jpeg,22
813.jpeg,26
80.jpeg,7
803.jpeg,45
799.jpeg,11
800.jpeg,9
801.jpeg,17
804.jpeg,0
814.jpeg,15
810.jpeg,15
807.jpeg,9
809.jpeg,44
808.jpeg,4
802.jpeg,5
805.jpeg,9
816.jpeg,45
854.jpeg,11
852.jpeg,7
851.jpeg,3
849.jpeg,18
85.jpeg,44
848.jpeg,15
850.jpeg,3
847.jpeg,32
844.jpeg,11
845.jpeg,9
846.jpeg,44
830.jpeg,48
832.jpeg,48
843.jpeg,3
831.jpeg,20
828.jpeg,5
833.jpeg,5
829.jpeg,42
83.jpeg,18
826.jpeg,9
836.jpeg,9
842.jpeg,24
838.jpeg,12
840.jpeg,47
839.jpeg,11
84.jpeg,27
837.jpeg,5
835.jpeg,3
841.jpeg,3
834.jpeg,35
879.jpeg,8
876.jpeg,20
875.jpeg,5
877.jpeg,5
878.jpeg,49
874.jpeg,5
872.jpeg,18
871.jpeg,44
873.jpeg,5
870.jpeg,39
87.jpeg,4
867.jpeg,48
866.jpeg,5
868.jpeg,9
869.jpeg,3
865.jpeg,11
864.jpeg,36
862.jpeg,25
853.jpeg,44
86.jpeg,11
855.jpeg,11
858.jpeg,19
857.jpeg,15
861.jpeg,43
856.jpeg,40
859.jpeg,18
860.jpeg,7
863.jpeg,11
90.jpeg,44
900.jpeg,3
899.jpeg,15
9.jpeg,24
897.jpeg,3
898.jpeg,12
892.jpeg,7
894.jpeg,12
895.jpeg,11
896.jpeg,14
893.jpeg,22
889.jpeg,19
890.jpeg,4
891.jpeg,8
88.jpeg,11
880.jpeg,5
884.jpeg,8
883.jpeg,42
885.jpeg,47
882.jpeg,8
89.jpeg,44
887.jpeg,47
886.jpeg,3
888.jpeg,15
881.jpeg,29
931.jpeg,8
928.jpeg,5
926.jpeg,24
925.jpeg,39
927.jpeg,21
924.jpeg,8
923.jpeg,9
920.jpeg,26
92.jpeg,22
921.jpeg,41
922.jpeg,44
919.jpeg,48
917.jpeg,19
916.jpeg,44
918.jpeg,18
915.jpeg,8
905.jpeg,38
907.jpeg,45
91.jpeg,9
909.jpeg,12
913.jpeg,39
902.jpeg,24
906.jpeg,4
904.jpeg,20
903.jpeg,13
901.jpeg,9
908.jpeg,4
914.jpeg,25
911.jpeg,11
910.jpeg,44
912.jpeg,19
953.jpeg,9
951.jpeg,41
950.jpeg,20
949.jpeg,20
95.jpeg,27
948.jpeg,3
946.jpeg,35
947.jpeg,18
945.jpeg,45
943.jpeg,44
944.jpeg,5
942.jpeg,4
930.jpeg,2
932.jpeg,7
93.jpeg,29
929.jpeg,42
933.jpeg,5
934.jpeg,8
935.jpeg,11
937.jpeg,2
94.jpeg,5
941.jpeg,17
940.jpeg,22
939.jpeg,19
936.jpeg,39
938.jpeg,20
979.jpeg,27
978.jpeg,36
977.jpeg,19
972.jpeg,11
974.jpeg,21
975.jpeg,47
973.jpeg,40
976.jpeg,15
971.jpeg,9
970.jpeg,12
97.jpeg,24
969.jpeg,18
965.jpeg,7
968.jpeg,11
954.jpeg,7
955.jpeg,18
956.jpeg,11
961.jpeg,15
967.jpeg,28
964.jpeg,29
963.jpeg,7
962.jpeg,0
966.jpeg,9
952.jpeg,3
959.jpeg,44
958.jpeg,8
957.jpeg,48
96.jpeg,44
960.jpeg,44
999.jpeg,18
998.jpeg,15
997.jpeg,40
996.jpeg,43
994.jpeg,29
995.jpeg,47
993.jpeg,48
991.jpeg,38
992.jpeg,29
990.jpeg,5
989.jpeg,5
987.jpeg,4
984.jpeg,7
982.jpeg,3
981.jpeg,9
985.jpeg,7
980.jpeg,21
983.jpeg,9
98.jpeg,21
986.jpeg,25
99.jpeg,14
988.jpeg,7
